,Date,post_cum_y,preds,post_preds,post_preds_lower,post_preds_upper,preds_lower,preds_upper,post_cum_pred,post_cum_pred_lower,post_cum_pred_upper,point_effects,point_effects_lower,point_effects_upper,post_cum_effects,post_cum_effects_lower,post_cum_effects_upper
0,2015-09-13,0.0,175.61716251405653,,,,144.6623748750377,206.57195015307536,0.0,0.0,0.0,-20.186040514056543,-51.140828153075375,10.768747124962289,0.0,0.0,0.0
1,2015-09-20,111.311218,171.46491876530035,171.46491876530035,140.51016881211098,202.41966871848973,140.51016881211098,202.41966871848973,171.46491876530035,139.53115096364195,201.4064743465089,-60.15370076530036,-91.10845071848973,-29.19895081211098,-60.15370076530036,-90.0952563465089,-28.219932963641952
2,2015-09-27,208.750679,168.40367174260965,168.40367174260965,137.43904201410132,199.368301471118,137.43904201410132,199.368301471118,339.86859050790997,297.55316280835666,385.35215773007945,-70.96421074260965,-101.92884047111801,-39.999581014101324,-131.11791150791,-176.60147873007946,-88.8024838083567
3,2015-10-04,330.032227,168.5177511389489,168.5177511389489,137.5413685831455,199.4941336947523,137.5413685831455,199.4941336947523,508.3863416468589,452.5204076057754,563.5484963745115,-47.23620313894891,-78.21258569475229,-16.259820583145498,-178.35411464685893,-233.5162693745115,-122.48818060577545
4,2015-10-11,446.786187,173.09002719950902,173.09002719950902,142.10396779437465,204.0760866046434,142.10396779437465,204.0760866046434,681.4763688463679,615.4388681794418,742.821949468683,-56.33606719950902,-87.32212660464339,-25.350007794374648,-234.69018184636795,-296.035762468683,-168.65268117944186
5,2015-10-18,564.166299,176.28294930622081,176.28294930622081,145.2853822131002,207.28051639934142,145.2853822131002,207.28051639934142,857.7593181525888,783.9662572710612,928.7177684938051,-58.90283730622082,-89.90040439934143,-27.90527021310021,-293.5930191525888,-364.5514694938052,-219.79995827106114
6,2015-10-25,685.640504,182.4231679137836,182.4231679137836,151.41612663537927,213.43020919218793,151.41612663537927,213.43020919218793,1040.1824860663723,960.5820707478847,1121.4741053704931,-60.9489629137836,-91.95600419218793,-29.941921635379273,-354.5419820663724,-435.83360137049334,-274.94156674788474
7,2015-11-01,803.06878,181.34819665141032,181.34819665141032,150.3298924241846,212.36650087863603,150.3298924241846,212.36650087863603,1221.5306827177826,1134.8557310714439,1308.440981511174,-63.91992065141032,-94.93822487863603,-32.90161642418461,-418.4619027177827,-505.37220151117407,-331.78695107144375
8,2015-11-08,917.1736159999999,178.3607345581815,178.3607345581815,147.33315861286277,209.38831050350024,147.33315861286277,209.38831050350024,1399.8914172759642,1303.4730182498959,1492.7239452784054,-64.25589855818149,-95.28347450350023,-33.22832261286277,-482.71780127596423,-575.5503292784052,-386.2994022498957
9,2015-11-15,1036.5285279999998,181.18046820555998,181.18046820555998,150.1418737836927,212.21906262742726,150.1418737836927,212.21906262742726,1581.071885481524,1480.5765359605516,1681.0332583273387,-61.82555620555998,-92.86415062742726,-30.78696178369269,-544.5433574815243,-644.504730327339,-444.04800796055156
10,2015-11-22,1165.8537689999998,186.78432342474372,186.78432342474372,155.7366596846103,217.83198716487715,155.7366596846103,217.83198716487715,1767.8562089062677,1658.2744504158559,1874.7564159742165,-57.45908242474371,-88.50674616487714,-26.411418684610283,-602.0024399062679,-708.9026469742165,-492.42068141585605
11,2015-11-29,1298.1171199999999,185.63308695250703,185.63308695250703,154.57464895604468,216.6915249489694,154.57464895604468,216.6915249489694,1953.4892958587748,1833.4758337483736,2065.0168045817036,-53.36973595250703,-84.4281739489694,-22.311297956044683,-655.3721758587749,-766.8996845817032,-535.3587137483736
12,2015-12-06,1430.669473,181.53304052798524,181.53304052798524,150.46573553236377,212.6003455236067,150.46573553236377,212.6003455236067,2135.02233638676,2010.7849642568603,2252.8769145496412,-48.980687527985225,-80.0479925236067,-17.913382532363755,-704.3528633867601,-822.2074415496412,-580.1154912568604
13,2015-12-13,1565.726434,185.3307124344509,185.3307124344509,154.25287723983655,216.40854762906525,154.25287723983655,216.40854762906525,2320.353048821211,2184.486728595394,2448.294765609361,-50.2737514344509,-81.35158662906525,-19.19591623983655,-754.626614821211,-882.568331609361,-618.7602945953939
14,2015-12-20,1703.673349,185.65925253013177,185.65925253013177,154.5727527070427,216.74575235322084,154.5727527070427,216.74575235322084,2506.0123013513426,2364.6725860547735,2633.824516170775,-47.71233753013178,-78.79883735322085,-16.625837707042706,-802.3389523513428,-930.1511671707751,-660.9992370547736
15,2015-12-27,1840.7532899999999,185.25676267318636,185.25676267318636,154.55086313869668,215.96266220767603,154.55086313869668,215.96266220767603,2691.269064024529,2541.2914484797307,2829.501550206572,-48.17682167318637,-78.88272120767604,-17.470922138696693,-850.5157740245292,-988.7482602065718,-700.5381584797306
16,2016-01-03,1961.2160199999998,185.53954678733484,185.53954678733484,154.82512784776534,216.2539657269043,154.82512784776534,216.2539657269043,2876.808610811864,2724.1295697553996,3017.3953718544503,-65.07681678733485,-95.79123572690432,-34.36239784776535,-915.592590811864,-1056.1793518544505,-762.9135497553995
17,2016-01-10,2077.151147,188.93792499444203,188.93792499444203,158.21337120776533,219.66247878111872,158.21337120776533,219.66247878111872,3065.7465358063064,2904.8696434125527,3215.671490833043,-73.00279799444203,-103.72735178111873,-42.27824420776534,-988.5953888063061,-1138.5203438330425,-827.7184964125523
18,2016-01-17,2197.565705,190.36078635674772,190.36078635674772,159.62787388323494,221.09369883026045,159.62787388323494,221.09369883026045,3256.107322163054,3088.429570510444,3408.4428895806277,-69.94622835674772,-100.67914083026045,-39.21331588323494,-1058.5416171630538,-1210.877184580628,-890.8638655104439
19,2016-01-24,2313.741669,189.10033769534633,189.10033769534633,158.3574848847187,219.843190505974,158.3574848847187,219.843190505974,3445.2076598584003,3271.168375406759,3600.3870412922247,-72.92437369534633,-103.66722650597401,-42.18152088471871,-1131.4659908584001,-1286.645372292225,-957.4267064067594
20,2016-01-31,2428.231835,192.55960537302906,192.55960537302906,161.80855417125963,223.31065657479846,161.80855417125963,223.31065657479846,3637.7672652314295,3454.9517340091006,3804.0345990105366,-78.06943937302906,-108.82049057479846,-47.31838817125963,-1209.5354302314292,-1375.8027640105365,-1026.7198990091
21,2016-02-07,2534.774636,194.11018986861748,194.11018986861748,163.3493922172641,224.87098751997084,163.3493922172641,224.87098751997084,3831.877455100047,3645.6616055856243,4008.5721151058274,-87.56738886861748,-118.32818651997084,-56.8065912172641,-1297.1028191000466,-1473.7974791058275,-1110.8869695856238
22,2016-02-14,2649.842782,192.7790797585881,192.7790797585881,162.01024372953646,223.54791578763974,162.01024372953646,223.54791578763974,4024.656534858635,3833.8259768053144,4206.912469615288,-77.7109337585881,-108.47976978763974,-46.94209772953646,-1374.8137528586346,-1557.0696876152867,-1183.9831948053152
23,2016-02-21,2767.608216,191.0963215493973,191.0963215493973,160.31793249292042,221.87471060587416,160.31793249292042,221.87471060587416,4215.752856408032,4024.4661415227765,4394.614384966606,-73.33088754939729,-104.10927660587416,-42.55249849292042,-1448.144640408032,-1627.0061689666052,-1256.857925522776
24,2016-02-28,2901.027558,191.6485906995918,191.6485906995918,160.86232316413873,222.43485823504483,160.86232316413873,222.43485823504483,4407.401447107624,4202.852424821298,4591.291882811453,-58.22924869959181,-89.01551623504483,-27.44298116413873,-1506.3738891076239,-1690.2643248114546,-1301.8248668212996
25,2016-03-06,3026.6921770000004,191.71974575352579,191.71974575352579,160.9241183033121,222.5153732037395,160.9241183033121,222.5153732037395,4599.12119286115,4385.89706442404,4786.631307177803,-66.05512675352578,-96.8507542037395,-35.2594993033121,-1572.4290158611498,-1759.9391301778037,-1359.2048874240406
26,2016-03-13,3151.8751380000003,190.86017560763818,190.86017560763818,160.05682961191076,221.6635216033656,160.05682961191076,221.6635216033656,4789.981368468788,4580.616629950997,4982.28231629951,-65.67721460763818,-96.4805606033656,-34.87386861191075,-1638.106230468788,-1830.4071782995106,-1428.7414919509972
27,2016-03-20,3273.686509,190.6839267798889,190.6839267798889,159.87141383124506,221.49643972853275,159.87141383124506,221.49643972853275,4980.665295248677,4764.485534971448,5185.66422211426,-68.87255577988891,-99.68506872853276,-38.06004283124507,-1706.978786248677,-1911.9777131142605,-1490.7990259714466
28,2016-03-27,3392.511598,190.42445261082614,190.42445261082614,159.60438115676672,221.24452406488552,159.60438115676672,221.24452406488552,5171.0897478595025,4953.539678816113,5383.5067158023685,-71.59936361082613,-102.41943506488552,-40.779292156766715,-1778.5781498595031,-1990.9951178023684,-1561.0280808161135
29,2016-04-03,3508.4467250000002,191.19865348061936,191.19865348061936,160.36960808649096,222.02769887474778,160.36960808649096,222.02769887474778,5362.288401340122,5140.357657035573,5576.2781305094,-75.26352648061936,-106.09257187474779,-44.43448108649096,-1853.8416763401224,-2067.8314055093997,-1631.9109320355735
30,2016-04-10,3628.7167830000003,186.67309018429228,186.67309018429228,155.83664661866158,217.50953374992298,155.83664661866158,217.50953374992298,5548.961491524414,5321.159364294181,5776.47233952867,-66.40303218429227,-97.23947574992297,-35.56658861866157,-1920.2447085244146,-2147.7555565286702,-1692.4425812941815
31,2016-04-17,3760.3539600000004,191.6056754721993,191.6056754721993,160.760451146241,222.4508997981576,160.760451146241,222.4508997981576,5740.567166996613,5505.009466267594,5975.242615903683,-59.968498472199286,-90.81372279815758,-29.123274146240988,-1980.213206996614,-2214.888655903682,-1744.6555062675927
32,2016-04-24,3893.6288010000003,192.50722500439588,192.50722500439588,161.6547632321504,223.35968677664135,161.6547632321504,223.35968677664135,5933.074392001009,5687.185506694507,6177.354337792962,-59.23238400439587,-90.08484577664134,-28.379922232150392,-2039.44559100101,-2283.725536792961,-1793.5567056945074
33,2016-05-01,4020.6902330000003,191.35967491558122,191.35967491558122,160.4986258892741,222.22072394188834,160.4986258892741,222.22072394188834,6124.43406691659,5876.494297856539,6369.0977500846175,-64.29824291558123,-95.15929194188834,-33.43719388927411,-2103.743833916591,-2348.4075170846163,-1855.804064856537
34,2016-05-08,4151.845766,189.21462659069718,189.21462659069718,158.34650140137734,220.08275178001702,158.34650140137734,220.08275178001702,6313.648693507287,6058.924770170692,6564.902009683859,-58.05909359069719,-88.92721878001703,-27.190968401377347,-2161.802927507288,-2413.05624368386,-1907.0790041706912
35,2016-05-15,4282.375139000001,195.52972431798855,195.52972431798855,164.6532058205545,226.40624281542262,164.6532058205545,226.40624281542262,6509.178417825276,6248.577676531747,6756.829092963708,-65.00035131798856,-95.87686981542262,-34.1238328205545,-2226.8032788252767,-2474.453953963707,-1966.2025375317453
36,2016-05-22,4417.287599000001,192.81312904543086,192.81312904543086,161.92969634378878,223.69656174707296,161.92969634378878,223.69656174707296,6701.991546870707,6433.421235359526,6961.575441654958,-57.900669045430845,-88.78410174707295,-27.017236343788767,-2284.7039478707075,-2544.2878426549582,-2016.1336363595262
37,2016-05-29,4547.287156000001,190.92603101091518,190.92603101091518,160.0343995646948,221.81766245713555,160.0343995646948,221.81766245713555,6892.917577881622,6616.629652958373,7157.572840670462,-60.92647401091517,-91.81810545713554,-30.0348425646948,-2345.6304218816226,-2610.285684670464,-2069.342496958373
38,2016-06-05,4674.493096000001,188.92920775190572,188.92920775190572,158.03082483890552,219.82759066490596,158.03082483890552,219.82759066490596,7081.846785633527,6789.387280598965,7356.272368243371,-61.72326775190572,-92.62165066490596,-30.82488483890552,-2407.353689633528,-2681.7792722433696,-2114.894184598965
39,2016-06-12,4798.953583000001,186.20799200130182,186.20799200130182,155.30160563799117,217.1143783646125,155.30160563799117,217.1143783646125,7268.054777634829,6969.297744340217,7551.504950876447,-61.74750500130182,-92.65389136461249,-30.841118637991173,-2469.10119463483,-2752.5513678764455,-2170.3441613402183
40,2016-06-19,4921.872765000001,189.52246173469615,189.52246173469615,158.60948751672333,220.43543595266897,158.60948751672333,220.43543595266897,7457.577239369525,7159.896611623986,7744.6150823583,-66.60327973469614,-97.51625395266896,-35.69030551672333,-2535.704474369526,-2822.7423173583015,-2238.0238466239853
41,2016-06-26,5043.352959000001,190.0678099695488,190.0678099695488,159.14702849053356,220.98859144856402,159.14702849053356,220.98859144856402,7647.645049339074,7354.026539513669,7937.8599580150085,-68.58761596954879,-99.50839744856403,-37.66683449053356,-2604.292090339075,-2894.5069990150073,-2310.673580513671
42,2016-07-03,5160.6873940000005,189.76310184087413,189.76310184087413,158.83589718151566,220.6903065002326,158.83589718151566,220.6903065002326,7837.408151179948,7532.161601364147,8133.510319256924,-72.42866684087413,-103.3558715002326,-41.50146218151566,-2676.720757179949,-2972.8229252569267,-2371.4742073641464
43,2016-07-10,5283.661988000001,189.52863762672354,189.52863762672354,158.59382287161355,220.4634523818335,158.59382287161355,220.4634523818335,8026.936788806671,7718.756449500176,8321.432693176463,-66.55404362672354,-97.4888583818335,-35.61922887161356,-2743.2748008066724,-3037.770705176464,-2435.0944615001777
44,2016-07-17,5409.095116,183.06896123809258,183.06896123809258,152.1278890688176,214.01003340736756,152.1278890688176,214.01003340736756,8210.005750044764,7907.583536241326,8504.836198683928,-57.63583323809259,-88.57690540736756,-26.694761068817613,-2800.910634044765,-3095.741082683928,-2498.4884202413264
45,2016-07-24,5536.986756,179.51535384160812,179.51535384160812,148.56686991368105,210.4638377695352,148.56686991368105,210.4638377695352,8389.521103886373,8068.856830047802,8697.06936756904,-51.62371384160812,-82.5721977695352,-20.67522991368105,-2852.5343478863733,-3160.0826115690397,-2531.8700740478034
46,2016-07-31,5663.8178720000005,180.8169250726078,180.8169250726078,149.86235075790896,211.77149938730665,149.86235075790896,211.77149938730665,8570.33802895898,8250.737467010678,8887.812550309673,-53.98580907260781,-84.94038338730665,-23.031234757908962,-2906.5201569589813,-3223.9946783096693,-2586.919595010677
47,2016-08-07,5791.564897,176.25866467478906,176.25866467478906,145.29687814110247,207.22045120847565,145.29687814110247,207.22045120847565,8746.59669363377,8424.220033293295,9067.151662604498,-48.511639674789066,-79.47342620847566,-17.549853141102474,-2955.03179663377,-3275.5867656045007,-2632.6551362932933
48,2016-08-14,5914.876932,173.1685792262068,173.1685792262068,142.20087069570374,204.13628775670986,142.20087069570374,204.13628775670986,8919.765272859977,8586.48810890949,9241.876719003034,-49.85654422620679,-80.82425275670987,-18.888835695703747,-3004.8883408599772,-3326.999787003031,-2671.61117690949
49,2016-08-21,6040.551096,172.66261254832577,172.66261254832577,141.68789272791662,203.6373323687349,141.68789272791662,203.6373323687349,9092.427885408302,8758.075217654303,9420.384040952684,-46.98844854832576,-77.96316836873488,-16.013728727916615,-3051.876789408303,-3379.832944952683,-2717.524121654303
50,2016-08-28,6167.623232,170.23181653961143,170.23181653961143,139.2513445312057,201.21228854801717,139.2513445312057,201.21228854801717,9262.659701947914,8915.548016051256,9606.940837331358,-43.15968053961143,-74.14015254801717,-12.179208531205688,-3095.0364699479146,-3439.3176053313564,-2747.924784051255
51,2016-09-04,6294.598963,174.88678544002354,174.88678544002354,143.89950457187172,205.87406630817537,143.89950457187172,205.87406630817537,9437.546487387937,9072.743547643702,9784.42429353646,-47.91105444002355,-78.89833530817538,-16.92377357187172,-3142.9475243879383,-3489.8253305364606,-2778.1445846437045
52,2016-09-11,6416.898661,170.00157033904014,170.00157033904014,139.0087086551785,200.99443202290175,139.0087086551785,200.99443202290175,9607.548057726977,9237.060490751457,9952.698957522309,-47.701872339040136,-78.69473402290174,-16.709010655178503,-3190.6493967269785,-3535.8002965223077,-2820.1618297514583
53,2016-09-18,6541.319453,171.46491876530035,171.46491876530035,139.297997322146,203.63184020845472,139.297997322146,203.63184020845472,9779.012976492279,9399.14661978895,10145.866883857549,-47.04412676530035,-79.21104820845471,-14.877205322145983,-3237.693523492279,-3604.54743085755,-2857.827166788949
54,2016-09-25,6665.83665,168.4036717426097,168.4036717426097,136.22724271934473,200.58010076587468,136.22724271934473,200.58010076587468,9947.416648234888,9560.83884417733,10322.365192399178,-43.88647474260971,-76.06290376587468,-11.710045719344734,-3281.5799982348885,-3656.5285423991777,-2895.002194177326
55,2016-10-02,6792.041072,168.5177511389489,168.5177511389489,136.33001175406713,200.70549052383066,136.33001175406713,200.70549052383066,10115.934399373837,9724.932555893583,10480.544526110005,-42.313329138948916,-74.50106852383067,-10.125589754067136,-3323.8933273738376,-3688.5034541100054,-2932.8914838935843
56,2016-10-09,6919.209613,173.090027199509,173.090027199509,140.8929750374849,205.28707936153313,140.8929750374849,205.28707936153313,10289.024426573345,9875.911900515643,10662.838638413165,-45.92148619950899,-78.11853836153313,-13.724434037484883,-3369.8148135733463,-3743.629025413165,-2956.702287515641
57,2016-10-16,7048.306415,176.28294930622081,176.28294930622081,144.07482213064446,208.49107648179717,144.07482213064446,208.49107648179717,10465.307375879565,10053.407874896937,10842.493645069453,-47.18614730622082,-79.39427448179717,-14.978020130644467,-3417.000960879567,-3794.1872300694513,-3005.1014598969377
58,2016-10-23,7179.090442,182.4231679137836,182.4231679137836,150.20592254261234,214.64041328495486,150.20592254261234,214.64041328495486,10647.730543793348,10229.552717782091,11036.310461170275,-51.63914091378359,-83.85638628495485,-19.421895542612333,-3468.640101793351,-3857.220019170275,-3050.462275782089
59,2016-10-30,7302.065036,181.34819665141035,181.34819665141035,149.12011126617045,213.57628203665024,149.12011126617045,213.57628203665024,10829.078740444758,10400.859893175733,11226.815509499382,-58.37360265141035,-90.60168803665024,-26.145517266170458,-3527.013704444761,-3924.7504734993804,-3098.794857175734
60,2016-11-06,7426.148372,178.36073455818152,178.36073455818152,146.12372539932642,210.59774371703662,146.12372539932642,210.59774371703662,11007.43947500294,10576.622938869832,11420.782113517751,-54.27739855818152,-86.51440771703662,-22.040389399326415,-3581.2911030029427,-3994.6337415177522,-3150.4745668698306
61,2016-11-13,7549.605028999999,181.18046820555995,181.18046820555995,148.93285381083675,213.42808260028312,148.93285381083675,213.42808260028312,11188.619943208501,10750.031689144684,11606.841175568512,-57.72381120555994,-89.97142560028311,-25.47619681083674,-3639.0149142085024,-4057.2361465685135,-3200.426660144681
62,2016-11-20,7677.448474,186.78432342474372,186.78432342474372,154.52797964269084,219.0406672067966,154.52797964269084,219.0406672067966,11375.404266633244,10921.236525764498,11803.219365693078,-58.940878424743715,-91.1972222067966,-26.684534642690835,-3697.9557926332463,-4125.770891693078,-3243.788051764499
63,2016-11-27,7800.423068,185.63308695250709,185.63308695250709,153.36637250486487,217.89980140014927,153.36637250486487,217.89980140014927,11561.03735358575,11101.391855881398,11998.479961095563,-62.65849295250709,-94.92520740014928,-30.391778504864874,-3760.6142855857534,-4198.05689309556,-3300.968787881399
64,2016-12-04,7930.4358090000005,181.53304052798524,181.53304052798524,149.25779103001,213.8082900259605,149.25779103001,213.8082900259605,11742.570394113736,11268.365502761852,12193.121446425821,-51.52029952798523,-83.7955490259605,-19.245050030009992,-3812.1345851137385,-4262.685637425821,-3337.9296937618496
65,2016-12-11,8065.076342,185.3307124344509,185.3307124344509,153.04532671816747,217.61609815073433,153.04532671816747,217.61609815073433,11927.901106548186,11444.491319656572,12385.10976052067,-50.6901794344509,-82.97556515073433,-18.40479371816747,-3862.8247645481893,-4320.033418520675,-3379.4149776565705
66,2016-12-18,8201.837984,185.65925253013177,185.65925253013177,153.3655261778431,217.95297888242044,153.3655261778431,217.95297888242044,12113.560359078318,11626.320709893975,12580.238426877218,-48.89761053013177,-81.19133688242044,-16.6038841778431,-3911.722375078321,-4378.400442877217,-3424.4827258939677
67,2016-12-25,8333.682558,185.25676267318633,185.25676267318633,153.3292423077123,217.1842830386604,153.3292423077123,217.1842830386604,12298.817121751505,11809.263103795498,12775.810402532277,-53.412188673186336,-85.3397090386604,-21.484668307712298,-3965.1345637515074,-4442.127844532283,-3475.5805457954966
68,2017-01-01,8471.167299,185.5395467873348,185.5395467873348,153.60383290364388,217.47526067102578,153.60383290364388,217.47526067102578,12484.35666853884,11984.736417338429,12964.618233132807,-48.0548057873348,-79.99051967102577,-16.119091903643863,-4013.189369538842,-4493.4509341328085,-3513.5691183384306
69,2017-01-08,8617.473802,188.937924994442,188.937924994442,156.99246372283136,220.88338626605264,156.99246372283136,220.88338626605264,12673.294593533281,12167.274189482832,13170.63344022368,-42.63142199444201,-74.57688326605265,-10.685960722831368,-4055.820791533284,-4553.159638223684,-3549.800387482834
70,2017-01-15,8761.948457,190.36078635674772,190.36078635674772,158.40728577277127,222.31428694072414,158.40728577277127,222.31428694072414,12863.65537989003,12344.20107939065,13365.444503474553,-45.88613135674771,-77.83963194072413,-13.932630772771262,-4101.706922890032,-4603.496046474555,-3582.252622390651
71,2017-01-22,8909.508332000001,189.10033769534633,189.10033769534633,157.13727636822213,221.06339902247052,157.13727636822213,221.06339902247052,13052.755717585376,12537.267837740033,13565.679572248717,-41.54046269534632,-73.50352402247051,-9.577401368222127,-4143.247385585378,-4656.171240248721,-3627.7595057400354
72,2017-01-29,9053.115281000002,192.559605373029,192.559605373029,160.58865855440274,224.53055219165532,160.58865855440274,224.53055219165532,13245.315322958406,12721.853399115957,13761.35136412749,-48.952656373029015,-80.92360319165533,-16.981709554402755,-4192.2000419584065,-4708.236083127488,-3668.7381181159567
73,2017-02-05,9194.263688000003,194.11018986861748,194.11018986861748,162.12986837847149,226.09051135876345,162.12986837847149,226.09051135876345,13439.425512827023,12896.186281128133,13964.422565971565,-52.96178286861749,-84.94210435876346,-20.981461378471494,-4245.161824827024,-4770.1588779715685,-3701.9225931281317
74,2017-02-12,9333.917710000003,192.7790797585881,192.7790797585881,160.79102634722446,224.7671331699517,160.79102634722446,224.7671331699517,13632.204592585611,13087.999541578727,14170.734061023993,-53.1250577585881,-85.11311116995171,-21.13700434722446,-4298.286882585612,-4836.8163510239965,-3754.0818315787296
75,2017-02-19,9474.632264000003,191.0963215493973,191.0963215493973,159.09907911543993,223.0935639833546,159.09907911543993,223.0935639833546,13823.300914135008,13271.41214206644,14367.566350204817,-50.381767549397296,-82.37900998335462,-18.384525115439942,-4348.66865013501,-4892.934086204824,-3796.7798780664466
76,2017-02-26,9616.696610000003,191.64859069959175,191.64859069959175,159.64376982475986,223.65341157442367,159.64376982475986,223.65341157442367,14014.9495048346,13442.90522053587,14560.489662241062,-49.58424469959175,-81.58906557442367,-17.579423824759857,-4398.252894834602,-4943.793052241064,-3826.2086105358653
77,2017-03-05,9755.241868000003,191.71974575352579,191.71974575352579,159.7059212316424,223.7335702754092,159.7059212316424,223.7335702754092,14206.669250588126,13634.009554622384,14753.16390758427,-53.174487753525796,-85.1883122754092,-21.160663231642417,-4451.427382588127,-4997.922039584269,-3878.7676866223815
78,2017-03-12,9891.087571000004,190.86017560763815,190.86017560763815,158.83892617857805,222.8814250366983,158.83892617857805,222.8814250366983,14397.529426195764,13820.893463307206,14949.492053385118,-55.01447260763817,-87.0357220366983,-22.993223178578063,-4506.441855195765,-5058.404482385123,-3929.8058923072035
79,2017-03-19,10026.065568000004,190.6839267798889,190.6839267798889,158.6538589579824,222.71399460179543,158.6538589579824,222.71399460179543,14588.213352975654,13995.37591403273,15147.32326684557,-55.70592977988892,-87.73599760179545,-23.67586195798242,-4562.147784975654,-5121.257698845569,-3969.310346032725
80,2011-01-02,,143.4468616300813,,,,-377458.80680195737,377745.7005252175,,,,-44.30403963008129,-377646.5577032175,377557.9496239574,,,
81,2011-01-09,,143.4468616300813,,,,-377458.8068039058,377745.70052716596,,,,-42.53823863008128,-377644.79190416593,377559.71542690584,,,
82,2011-01-16,,141.80597128115244,,,,-377201.37236553506,377484.9843080973,,,,-45.72097228115244,-377388.89930909727,377297.4573645351,,,
83,2011-01-23,,141.87137131741824,,,,-377201.3069673765,377485.04971001134,,,,-45.312632317418235,-377388.49097101134,377297.8657063765,,,
84,2011-01-30,,140.17307942047677,,,,-376962.27593854046,377242.62209738145,,,,-45.207861420476775,-377147.65687938145,377057.24115654046,,,
85,2011-02-06,,140.2530630263949,,,,-376962.195956749,377242.70208280184,,,,-40.421146026394894,-377142.87016580184,377062.02787374903,,,
86,2011-02-13,,138.61418765255607,,,,-376739.56930974947,377016.79768505454,,,,-40.935674652556074,-376919.1191720545,376837.2478227495,,,
87,2011-02-20,,138.85923040897663,,,,-376739.3242687506,377017.0427295685,,,,-44.755363408976635,-376922.93886256847,376833.42813575064,,,
88,2011-02-27,,137.24966516748944,,,,-376531.4988764612,376805.9982067961,,,,-45.816041167489445,-376714.5645827961,376622.9325004612,,,
89,2011-03-06,,137.3673849654089,,,,-376531.38115836936,376806.11592830025,,,,-46.27831196540889,-376715.02685530024,376622.47023136937,,,
90,2011-03-13,,135.7717283583337,,,,-376336.94831251225,376608.49176922895,,,,-47.998878358333684,-376520.71891922894,376424.72116251226,,,
91,2011-03-20,,135.8745361946451,,,,-376336.84550633555,376608.5945787248,,,,-45.173067194645085,-376517.8931097248,376427.5469753356,,,
92,2011-03-27,,134.2717634114716,,,,-376154.57881105057,376423.12233787356,,,,-41.029278411471594,-376329.87985287356,376247.82129605056,,,
93,2011-04-03,,134.46287784630053,,,,-376154.3876982331,376423.31345392566,,,,-42.77084584630053,-376331.62142192567,376246.0797302331,,,
94,2011-04-10,,133.0284519448928,,,,-375983.0143796033,376249.07128349313,,,,-43.016068944892794,-376159.05890049314,376073.0267626033,,,
95,2011-04-17,,133.166791608781,,,,-375982.8760415183,376249.20962473575,,,,-37.770894608781006,-376153.8137277358,376078.2719385183,,,
96,2011-04-24,,131.76327344649278,,,,-375821.5644164225,376085.0909633155,,,,-28.055235446492773,-375981.3829253155,375925.2724544225,,,
97,2011-05-01,,132.0558829439056,,,,-375821.2718084686,376085.3835743564,,,,-28.950795943905604,-375982.2784873564,375924.3768954686,,,
98,2011-05-08,,130.96169529002938,,,,-375668.88433192146,375930.80772250146,,,,-27.796702290029387,-375827.6427295015,375772.04932492145,,,
99,2011-05-15,,131.22871734459997,,,,-375668.61731137824,375931.07474606734,,,,-31.309543344599973,-375831.15557206736,375768.5364853782,,,
100,2011-05-22,,130.18956466929058,,,,-375524.6439797765,375785.023109115,,,,-29.48087066929058,-375684.31441511505,375625.35267377645,,,
101,2011-05-29,,130.35900780573866,,,,-375524.4745381216,375785.192553733,,,,-28.68533980573865,-375683.51888573304,375626.1482061216,,,
102,2011-06-05,,129.392784379083,,,,-375388.21524960943,375647.0008183676,,,,-25.920746379083,-375543.5287803676,375491.68728760944,,,
103,2011-06-12,,129.5837283497398,,,,-375388.02430709294,375647.1917637924,,,,-25.322154349739805,-375542.9301897924,375492.28588109295,,,
104,2011-06-19,,128.71065947229653,,,,-375258.8479865312,375516.2693054758,,,,-20.852344472296522,-375408.4109904758,375366.70630153123,,,
105,2011-06-26,,128.91735586504328,,,,-375258.64129156753,375516.47600329755,,,,-16.760510865043273,-375404.31915829756,375370.7981365675,,,
106,2011-07-03,,128.17598397133872,,,,-375135.9608119579,375392.31277990056,,,,-11.281963971338726,-375275.41875990055,375252.8548319579,,,
107,2011-07-10,,128.48759917498856,,,,-375135.6491981599,375392.6243965098,,,,-8.347729174988558,-375272.48452650977,375255.78906815994,,,
108,2011-07-17,,127.8939348710597,,,,-375018.9544929218,375274.74236266396,,,,-8.543600871059695,-375155.39202866395,375138.30482692184,,,
109,2011-07-24,,128.2789059445992,,,,-375018.56952323247,375275.12733512156,,,,-16.253644944599188,-375163.1020741216,375130.59478423244,,,
110,2011-07-31,,127.68555436009629,,,,-374907.5618488051,375162.9329575253,,,,-32.54742436009629,-375067.79482752533,375002.6999788051,,,
111,2011-08-07,,127.88247557616319,,,,-374907.3649289532,375163.12988010544,,,,-30.331892576163185,-375065.57929710543,375004.9155119532,,,
112,2011-08-14,,126.91061568042208,,,,-374802.0192135238,375055.84044488455,,,,-42.68550268042209,-374971.61533188453,374886.2443265238,,,
113,2011-08-21,,127.16028765178515,,,,-374801.7695428978,375056.09011820133,,,,-39.69812965178515,-374968.62796020135,374889.2317008978,,,
114,2011-08-28,,125.91792956518579,,,,-374701.6112441874,374953.44710331777,,,,-36.087187565185786,-374863.61636131775,374791.4419861874,,,
115,2011-09-04,,126.2370753282849,,,,-374701.29209975235,374953.76625040884,,,,-42.2225263282849,-374869.7517014088,374785.30664875236,,,
116,2011-09-11,,125.09776620450764,,,,-374605.6142767472,374855.80980915617,,,,-33.60022320450764,-374764.3122661562,374697.1118197472,,,
117,2011-09-18,,125.27747245082942,,,,-374605.4345718126,374855.98951671424,,,,-43.719214450829426,-374774.43125871423,374686.99282981263,,,
118,2011-09-25,,124.35109457026923,,,,-374513.82342428353,374762.5256134241,,,,-42.599828570269224,-374680.7743474241,374595.5746902835,,,
119,2011-10-02,,124.30593434381234,,,,-374513.8685858065,374762.4804544941,,,,-41.142306343812336,-374679.3168264941,374597.0322138065,,,
120,2011-10-09,,123.42501133226688,,,,-374426.2139609248,374673.0639835893,,,,-33.46267033226688,-374583.1016425893,374516.1763019248,,,
121,2011-10-16,,123.41153637255094,,,,-374426.22743716685,374673.050509912,,,,-33.27374237255094,-374582.91271591204,374516.3652311668,,,
122,2011-10-23,,122.7130396160777,,,,-374342.1382407276,374587.5643199598,,,,-20.60072761607769,-374485.4520079598,374444.2505527276,,,
123,2011-10-30,,122.70358440181256,,,,-374342.147697211,374587.5548660146,,,,-20.898317401812562,-374485.7495990146,374443.952964211,,,
124,2011-11-06,,122.28385778613128,,,,-374261.2945325923,374505.86224816454,,,,-19.250448786131273,-374402.8288391645,374364.3279415923,,,
125,2011-11-13,,122.26820278479184,,,,-374261.31018885033,374505.84659441985,,,,-25.682600784791845,-374409.26099241985,374357.89579085034,,,
126,2011-11-20,,121.8909914789436,,,,-374183.71518879215,374427.49717174994,,,,-33.2883994789436,-374338.89457974996,374272.31778079213,,,
127,2011-11-27,,121.74406806767905,,,,-374183.8621134482,374427.35024958354,,,,-22.088070067679055,-374327.69425158354,374283.5181114482,,,
128,2011-12-04,,121.22522348287808,,,,-374109.51235115825,374351.96279812395,,,,-24.28872248287807,-374255.0262971239,374206.44885215827,,,
129,2011-12-11,,121.30230666049302,,,,-374109.43526921433,374352.0398825353,,,,-30.550444660493014,-374261.2880205353,374200.1871312143,,,
130,2011-12-18,,120.74897401523506,,,,-374038.0419074633,374279.53985549376,,,,-28.023281015235057,-374186.81416249374,374130.7676004633,,,
131,2011-12-25,,120.70327832626467,,,,-374038.0876043756,374279.49416102807,,,,-29.775956326264662,-374188.5668390281,374129.0149263756,,,
132,2012-01-01,,99.14282193292391,,,,60.93567716741636,137.34996669843144,,,,-2.162444932923904,-40.36958969843144,36.044699832583646,,,
133,2012-01-08,,100.85323835610777,,,,62.6586277806813,139.04784893153422,,,,-0.5393043561077633,-38.733914931534215,37.6553062193187,,,
134,2012-01-15,,96.01521320541485,,,,57.83293186122843,134.1974945496013,,,,11.316741794585141,-26.865539549601294,49.49902313877156,,,
135,2012-01-22,,96.76758068601484,,,,58.59569860024155,134.93946277178813,,,,11.704808313985168,-26.467073771788122,49.87669039975846,,,
136,2012-01-29,,95.45808746963526,,,,57.29648244433426,133.61969249493626,,,,16.74263453036474,-21.41897049493626,54.90423955566574,,,
137,2012-02-05,,100.70800394046859,,,,62.55503570502094,138.86097217591623,,,,10.878635059531419,-27.274333175916226,49.031603294979064,,,
138,2012-02-12,,98.79972798203045,,,,60.655330038971556,136.94412592508937,,,,14.716874017969559,-23.42752392508936,52.86127196102845,,,
139,2012-02-19,,95.53049121607613,,,,57.393263957567,133.66771847458526,,,,15.529795783923873,-22.607431474585255,53.667023042433,,,
140,2012-02-26,,93.19121018151424,,,,55.06112377434165,131.3212965886868,,,,21.290372818485764,-16.839713588686806,59.42045922565835,,,
141,2012-03-04,,93.2726053211197,,,,55.14846362253047,131.3967470197089,,,,19.893097678880295,-18.231044019708904,58.01723937746952,,,
142,2012-03-11,,90.35970021511908,,,,52.241495666602475,128.4779047636357,,,,23.507807784880924,-14.610396763635705,61.626012333397526,,,
143,2012-03-18,,93.73044723215634,,,,55.617157940457076,131.84373652385563,,,,14.654226767843667,-23.45906252385562,52.76751605954293,,,
144,2012-03-25,,96.53906785858891,,,,58.430698029124,134.64743768805383,,,,9.520876141411094,-28.587493688053826,47.629245970876,,,
145,2012-04-01,,95.10672463695838,,,,57.00240128602805,133.2110479878887,,,,8.146006363041622,-29.958316987888693,46.25032971397195,,,
146,2012-04-08,,93.5394420538058,,,,55.439176792711265,131.63970731490036,,,,9.318528946194206,-28.781736314900357,47.41879420728874,,,
147,2012-04-15,,99.02547500198719,,,,60.928522854634636,137.12242714933973,,,,0.19189399801281581,-37.90505814933972,38.28884614536537,,,
148,2012-04-22,,107.28075001299672,,,,69.18712510087157,145.37437492512186,,,,7.236499987003285,-30.857124925121852,45.330124899128435,,,
149,2012-04-29,,106.72401412606202,,,,68.63308210462739,144.81494614749664,,,,9.144202873937985,-28.94672914749664,47.23513489537261,,,
150,2012-05-06,,106.90720079553856,,,,68.8189761479528,144.9954254431243,,,,7.565020204461447,-30.5232044431243,45.65324485204721,,,
151,2012-05-13,,103.70879350606575,,,,65.62273857744836,141.79484843468316,,,,2.8827664939342554,-35.20328843468316,40.96882142255164,,,
152,2012-05-20,,104.48825252170036,,,,66.40437896685461,142.5721260765461,,,,4.940336478299642,-33.14353707654611,43.024210033145394,,,
153,2012-05-27,,105.44056550833479,,,,67.35842129046905,143.52270972620053,,,,0.43047449166520835,-37.65166972620054,38.51261870953094,,,
154,2012-06-03,,107.17895847388166,,,,69.09855139902298,145.25936554874036,,,,-1.3079184738816707,-39.38832554874037,36.77248860097701,,,
155,2012-06-10,,107.82934452337479,,,,69.75029693618822,145.90839211056135,,,,-2.6337875233747923,-40.71283511056136,35.44526006381177,,,
156,2012-06-17,,111.304740124712,,,,73.22705547207372,149.38242477735028,,,,-7.144927124711998,-45.22261177735028,30.932757527926285,,,
157,2012-06-24,,115.3537781438558,,,,77.27714325322093,153.43041303449067,,,,-8.311893143855812,-46.388528034490676,29.764741746779066,,,
158,2012-07-01,,119.859590588818,,,,81.78400615647223,157.93517502116376,,,,-6.963502588817988,-45.03908702116375,31.112081843527776,,,
159,2012-07-08,,122.8654062618075,,,,84.79061618266226,160.9401963409527,,,,-3.6197622618074945,-41.6945523409527,34.45502781733774,,,
160,2012-07-15,,121.93993723229389,,,,83.8659375625747,160.01393690201306,,,,-3.459834232293886,-41.53383390201306,34.6141654374253,,,
161,2012-07-22,,114.44968503704685,,,,76.37626907575344,152.52310099834025,,,,-1.9138570370468528,-39.98727299834026,36.159558924246554,,,
162,2012-07-29,,97.46072281925147,,,,59.38788521308298,135.53356042541998,,,,20.839257180748533,-17.233580425419973,58.912094786917024,,,
163,2012-08-05,,100.17182339017924,,,,62.099399655261024,138.24424712509747,,,,21.055265609820765,-17.017158125097467,59.12768934473898,,,
164,2012-08-12,,87.19265432423185,,,,49.12063628817225,125.26467236029146,,,,34.30460667576814,-3.7674113602914616,72.37662471182774,,,
165,2012-08-19,,90.96911637298311,,,,52.89737806410959,129.04085468185664,,,,26.565299627016884,-11.50643868185665,64.6370379358904,,,
166,2012-08-26,,93.77988315377826,,,,55.70841470189876,131.85135160565778,,,,22.85389784622174,-15.217570605657784,60.92536629810124,,,
167,2012-09-02,,88.26054451586631,,,,50.18925151099518,126.33183752073744,,,,27.562644484133685,-10.508648520737438,65.63393748900482,,,
168,2012-09-09,,96.18219664016013,,,,58.11107016003774,134.25332312028252,,,,28.242165359839873,-9.828961120282514,66.31329183996226,,,
169,2012-09-16,,86.63040258958304,,,,48.559374979758985,124.7014301994071,,,,36.533064410416955,-1.537963199407102,74.60409202024101,,,
170,2012-09-23,,87.41114416877075,,,,49.34020600861433,125.48208232892716,,,,29.853084831229253,-8.217853328927163,67.92402299138567,,,
171,2012-09-30,,89.22935601881974,,,,51.15846365574231,127.30024838189716,,,,32.357977981180255,-5.712914381897164,70.42887034425769,,,
172,2012-10-07,,96.50740133873325,,,,58.43654765009329,134.5782550273732,,,,23.32367666126676,-14.747177027373183,61.39453034990672,,,
173,2012-10-14,,96.94917535435077,,,,58.87833580438436,135.02001490431718,,,,28.015584645649227,-10.05525490431718,66.08642419561563,,,
174,2012-10-21,,109.29314024127895,,,,71.2223105058864,147.36396997667148,,,,20.85033775872104,-17.220491976671497,58.92116749411359,,,
175,2012-10-28,,109.19473599471839,,,,71.12390691999532,147.26556506944146,,,,29.144619005281626,-8.926210069441453,67.21544808000469,,,
176,2012-11-04,,110.78971980562704,,,,72.71889076892099,148.8605488423331,,,,19.353758194372944,-18.7170708423331,57.424587231079,,,
177,2012-11-11,,104.51493223600936,,,,66.44410641203599,142.5857580599827,,,,21.530599763990637,-16.540226059982714,59.601425587964,,,
178,2012-11-18,,96.72962245936552,,,,58.65880488436896,134.80044003436208,,,,39.132956540634495,1.0621389656379279,77.20377411563105,,,
179,2012-11-25,,108.31736905510652,,,,70.24657253316559,146.3881655770475,,,,32.543806944893475,-5.5269895770474875,70.61460346683441,,,
180,2012-12-02,,105.99911954766142,,,,67.92835457432233,144.06988452100052,,,,35.31238845233858,-2.758376521000514,73.38315342567768,,,
181,2012-12-09,,100.2480088302192,,,,62.17729508231818,138.31872257812023,,,,43.85549116978079,5.784777421879767,81.92620491768182,,,
182,2012-12-16,,102.8150614577255,,,,64.74441641918916,140.88570649626183,,,,43.76523054227448,5.694585503738153,81.83587558081082,,,
183,2012-12-23,,101.59212527330615,,,,63.5215737791667,139.66267676744562,,,,44.988166726693834,6.917615232554368,83.05871822083328,,,
184,2012-12-30,,111.32608190882274,,,,77.92156406370674,144.73059975393872,,,,39.57731509117727,6.172797246061293,72.98183293629327,,,
185,2013-01-06,,114.83127457591533,,,,81.43324785208745,148.2293012997432,,,,33.415200424084674,0.01717370025679088,66.81322714791256,,,
186,2013-01-13,,116.86256008153705,,,,83.47126391043247,150.25385625264164,,,,33.095157918462945,-0.29613825264164007,66.48645408956753,,,
187,2013-01-20,,118.38125750698183,,,,84.99539044178991,151.76712457217374,,,,37.20548849301818,3.819621427826263,70.5913555582101,,,
188,2013-01-27,,120.35125068150674,,,,86.97105248247162,153.73144888054185,,,,36.36131931849326,2.9811211194581517,69.74151751752838,,,
189,2013-02-03,,123.15932662452389,,,,89.78366664972121,156.53498659932654,,,,29.230123375476126,-4.145536599326533,62.6057833502788,,,
190,2013-02-10,,123.684473467927,,,,90.3135849148427,157.05536202101132,,,,27.038793532072987,-6.332095021011327,60.409682085157286,,,
191,2013-02-17,,121.1530076437902,,,,87.78590692634425,154.52010836123617,,,,20.068443356209798,-13.298657361236167,53.43554407365575,,,
192,2013-02-24,,121.9272978377619,,,,88.56420700535506,155.2903886701687,,,,17.357736162238098,-16.005354670168714,50.72082699464494,,,
193,2013-03-03,,121.27890210872673,,,,87.91896536721553,154.6388388502379,,,,22.82459789127327,-10.535338850237906,56.18453463278446,,,
194,2013-03-10,,120.38771014682898,,,,87.03113521280449,153.74428508085347,,,,16.105331853171023,-17.25124308085347,49.46190678719552,,,
195,2013-03-17,,119.15747266199836,,,,85.80351560542664,152.51142971857007,,,,14.948850338001648,-18.405106718570067,48.302807394573364,,,
196,2013-03-24,,119.34537437602994,,,,85.99422653837988,152.69652221368,,,,12.824577623970058,-20.526570213680003,46.17572546162012,,,
197,2013-03-31,,117.21320174281226,,,,83.86421714310666,150.56218634251786,,,,13.830926257187741,-19.51805834251786,47.17991085689334,,,
198,2013-04-07,,116.2934090541123,,,,82.94676236764462,149.64005574057998,,,,10.157396945887697,-23.18924974057998,43.504043632355376,,,
199,2013-04-14,,117.0388125199351,,,,83.69394384218828,150.38368119768194,,,,5.674329480064898,-27.670539197681933,39.01919815781173,,,
200,2013-04-21,,128.82676628092614,,,,95.4838332516844,162.16969931016786,,,,-0.7547752809261397,-34.09770831016786,32.588157748315595,,,
201,2013-04-28,,128.9466777033664,,,,95.60519627777919,162.28815912895357,,,,10.598671296633597,-22.74281012895358,43.9401527222208,,,
202,2013-05-05,,128.25393341845307,,,,94.91404460075526,161.59382223615086,,,,10.507190581546922,-22.83269823615086,43.847079399244734,,,
203,2013-05-12,,122.63113437619842,,,,89.29242132801066,155.96984742438616,,,,25.40226662380158,-7.936446424386162,58.74097967198934,,,
204,2013-05-19,,124.80457828457246,,,,91.46716551794628,158.14199105119863,,,,26.50410671542754,-6.833306051198633,59.84151948205371,,,
205,2013-05-26,,123.83671422657338,,,,90.5002447340391,157.17318371910764,,,,28.44070577342663,-4.895763719107634,61.777175265960906,,,
206,2013-06-02,,125.10234714984699,,,,91.76692969772529,158.4377646019687,,,,24.499489850152997,-8.835927601968706,57.8349073022747,,,
207,2013-06-09,,125.46759258924645,,,,92.13292306797936,158.80226211051354,,,,17.583692410753557,-15.750977110513531,50.918361932020645,,,
208,2013-06-16,,126.80380845620728,,,,93.46998073899329,160.1376361734213,,,,7.067453543792723,-26.266374173421298,40.401281261006716,,,
209,2013-06-23,,130.27605903268426,,,,96.94281573625327,163.60930232911525,,,,7.8853639673157545,-25.44787932911524,41.21860726374675,,,
210,2013-06-30,,135.45415040438218,,,,102.12157192383764,168.7867288849267,,,,4.045071595617827,-29.2875068849267,37.37765007616237,,,
211,2013-07-07,,140.1194272163966,,,,106.78729773735935,173.45155669543385,,,,8.236895783603416,-25.095233695433848,41.56902526264065,,,
212,2013-07-14,,139.2087202833579,,,,105.87710718397227,172.54033338274354,,,,12.28447471664208,-21.047138382743555,45.616087816027715,,,
213,2013-07-21,,132.61158598888804,,,,99.2803101199915,165.94286185778458,,,,19.89650101111195,-13.43477485778459,53.22777688000849,,,
214,2013-07-28,,127.48069992007171,,,,94.14981743741012,160.81158240273328,,,,33.42318507992829,0.0923025972667233,66.75406756258988,,,
215,2013-08-04,,130.66607852335278,,,,97.33544244694237,163.99671459976324,,,,31.298811476647217,-2.0318245997632403,64.62944755305763,,,
216,2013-08-11,,124.72161476134036,,,,91.39127055055663,158.0519589721241,,,,39.45753823865965,6.127194027875902,72.78788244944339,,,
217,2013-08-18,,124.8936200694476,,,,91.56344958510115,158.22379055379406,,,,38.4551809305524,5.125010446205948,71.78535141489886,,,
218,2013-08-25,,126.15175043847083,,,,92.82178961055811,159.48171126638357,,,,29.03191956152918,-4.298041266383564,62.36188038944189,,,
219,2013-09-01,,123.27333284158317,,,,89.94348840660746,156.60317727655888,,,,30.80319015841684,-2.5266542765588724,64.13303459339255,,,
220,2013-09-08,,131.69109678453975,,,,98.36139669138679,165.02079687769273,,,,30.73509621546026,-2.5946038776927196,64.06479630861323,,,
221,2013-09-15,,126.60190202485101,,,,93.27227467974325,159.93152936995878,,,,28.581767975148992,-4.747859369958775,61.91139532025676,,,
222,2013-09-22,,123.96614926577035,,,,90.63661503514133,157.29568349639936,,,,32.69370173422965,-0.6358324963993596,66.02323596485867,,,
223,2013-09-29,,127.29803892054915,,,,93.9685454237983,160.62753241730002,,,,23.918376079450866,-9.411117417300005,57.24786957620171,,,
224,2013-10-06,,129.89083660152414,,,,96.56139812658046,163.22027507646783,,,,25.43121539847587,-7.898223076467815,58.76065387341956,,,
225,2013-10-13,,132.84382734150674,,,,99.51440782453327,166.17324685848024,,,,25.107649658493273,-8.22176985848023,58.437069175466746,,,
226,2013-10-20,,141.53368096966113,,,,108.20428947926278,174.86307246005947,,,,15.67971303033886,-17.649678460059476,49.00910452073721,,,
227,2013-10-27,,145.58788084210607,,,,112.25849520106382,178.9172664831483,,,,21.49750715789392,-11.831878483148301,54.82689279893617,,,
228,2013-11-03,,142.07695009520833,,,,108.74757507708844,175.4063251133282,,,,27.68399090479167,-5.645384113328191,61.01336592291156,,,
229,2013-11-10,,137.10961920740812,,,,103.78024439637217,170.43899401844402,,,,34.312041792591884,0.9826669815559796,67.64141660362783,,,
230,2013-11-17,,138.64640459587375,,,,105.31703164003477,171.9757775517127,,,,34.943393404126255,1.614020448287306,68.27276635996523,,,
231,2013-11-24,,147.03166009385285,,,,113.70228843264793,180.36103175505775,,,,29.78729390614714,-3.542077755057761,63.11666556735206,,,
232,2013-12-01,,146.20921244926407,,,,112.87984115703668,179.53858374149146,,,,25.581482550735927,-7.747888741491465,58.91085384296332,,,
233,2013-12-08,,144.831414032292,,,,111.5020505841423,178.1607774804417,,,,23.314978967707987,-10.01438448044172,56.64434241585769,,,
234,2013-12-15,,147.1679534405717,,,,113.83859531926018,180.49731156188318,,,,28.636123559428313,-4.693234561883173,61.96548168073983,,,
235,2013-12-22,,146.55010339806663,,,,113.22076467054386,179.87944212558943,,,,34.28223260193337,0.9528938744105631,67.61157132945614,,,
236,2013-12-29,,150.2622232355084,,,,118.51224771872873,182.01219875228807,,,,27.617750764491603,-4.132224752288067,59.367726281271274,,,
237,2014-01-05,,151.41657453066966,,,,119.66969577789285,183.16345328344644,,,,28.40086946933033,-3.346009283446449,60.14774822210714,,,
238,2014-01-12,,153.2905124822691,,,,121.54710113243736,185.0339238321008,,,,28.787353517730907,-2.956057832100811,60.53076486756264,,,
239,2014-01-19,,156.33268645818904,,,,124.59187996207493,188.07349295430313,,,,14.350891541810967,-17.389914954303123,46.091698037925084,,,
240,2014-01-26,,157.53226453974182,,,,125.79440601017942,189.27012306930422,,,,8.86116846025817,-22.87669006930423,40.59902698982057,,,
241,2014-02-02,,157.200133649677,,,,125.46446118382838,188.93580611552565,,,,11.176911350322996,-20.55876111552564,42.91258381617163,,,
242,2014-02-09,,156.52514402282978,,,,124.79197333261152,188.258314713048,,,,24.12265297717022,-7.6105177130480115,55.85582366738848,,,
243,2014-02-16,,151.48611115119638,,,,119.75476954363512,183.21745275875764,,,,27.50099484880363,-4.2303467587576336,59.23233645636489,,,
244,2014-02-23,,151.47774774302664,,,,119.74852408239501,183.20697140365826,,,,19.298100256973356,-12.431123403658262,51.02732391760499,,,
245,2014-03-02,,152.8637657781502,,,,121.13606683504187,184.59146472125855,,,,12.929950221849793,-18.797748721258557,44.657649164958116,,,
246,2014-03-09,,149.30915230444955,,,,117.58324084450355,181.03506376439555,,,,11.456319695550434,-20.269591764395557,43.18223115549644,,,
247,2014-03-16,,147.52125340638034,,,,115.79660724836125,179.24589956439945,,,,13.382631593619664,-18.34201456439945,45.10727775163875,,,
248,2014-03-23,,146.84974279548354,,,,115.12659954094221,178.57288605002486,,,,23.32638920451646,-8.396754050024867,55.04953245905779,,,
249,2014-03-30,,145.29864452835025,,,,113.57654546345418,177.0207435932463,,,,27.55308547164975,-4.169013593246291,59.27518453654582,,,
250,2014-04-06,,143.35380499139612,,,,111.63296400780926,175.07464597498296,,,,32.127350008603884,0.4065090250170442,63.84819099219074,,,
251,2014-04-13,,142.95803745927384,,,,111.23805262966505,174.67802228888266,,,,33.49188354072615,1.7718987111173305,65.21186837033494,,,
252,2014-04-20,,153.00097769380267,,,,121.28204044258858,184.71991494501674,,,,21.51145830619734,-10.207478945016732,53.23039555741143,,,
253,2014-04-27,,157.60147195583733,,,,125.88323122086773,189.3197126908069,,,,16.357390044162685,-15.360850690806899,48.07563077913228,,,
254,2014-05-04,,156.92372365022402,,,,125.2063498145915,188.64109748585653,,,,16.942868349775978,-14.774505485856537,48.66024218540849,,,
255,2014-05-11,,156.75019706717265,,,,125.03338475590691,188.4670093784384,,,,15.363434932827346,-16.35337737843841,47.08024724409309,,,
256,2014-05-18,,159.12263807170598,,,,127.40653782586841,190.83873831754357,,,,21.324459928294033,-10.391640317543562,53.0405601741316,,,
257,2014-05-25,,158.77034421991925,,,,127.05469179690517,190.48599664293332,,,,23.420893780080746,-8.294758642933317,55.136546203094824,,,
258,2014-06-01,,158.57983393100724,,,,126.86476138941725,190.2949064725972,,,,24.224197068992765,-7.490875472597196,55.939269610582755,,,
259,2014-06-08,,156.46542971315722,,,,124.75070966571096,188.18014976060348,,,,25.58439028684279,-6.130329760603473,57.299110334289054,,,
260,2014-06-15,,154.1878914293198,,,,122.47363876869893,185.90214408994063,,,,29.370366570680204,-2.3438860899406393,61.08461923130106,,,
261,2014-06-22,,158.36955945532407,,,,126.65557978379651,190.08353912685166,,,,20.144875544675926,-11.56910412685167,51.85885521620348,,,
262,2014-06-29,,162.36830906346816,,,,130.65470159233044,194.08191653460588,,,,17.984519936531854,-13.729087534605867,49.698127407669574,,,
263,2014-07-06,,168.70011937718954,,,,136.98671934869012,200.41351940568893,,,,5.0061336228104665,-26.707266405688927,36.71953365130989,,,
264,2014-07-13,,169.07743656590725,,,,137.364328522719,200.7905446090955,,,,4.0160384340927635,-27.69706960909548,35.729146477281006,,,
265,2014-07-20,,164.88575161952207,,,,133.17279728504812,196.59870595399605,,,,4.295202380477946,-27.41775195399603,36.008156714951895,,,
266,2014-07-27,,164.27670242935838,,,,132.56397319987735,195.9894316588394,,,,-3.1564784293583728,-34.8692076588394,28.556250800122655,,,
267,2014-08-03,,165.8580482294807,,,,134.14542940316989,197.57066705579152,,,,-10.865876229480676,-42.57849505579151,20.846742596830126,,,
268,2014-08-10,,161.93377834066155,,,,130.22132909568978,193.6462275856333,,,,-5.668840340661546,-37.38128958563331,26.04360890431022,,,
269,2014-08-17,,160.7577561343133,,,,129.04538300715694,192.47012926146968,,,,1.3052168656867025,-30.40715626146968,33.01758999284306,,,
270,2014-08-24,,157.88929611775336,,,,126.17704722208708,189.60154501341964,,,,2.85380688224663,-28.858442013419648,34.56605577791291,,,
271,2014-08-31,,155.05742441128896,,,,123.3452249847811,186.76962383779684,,,,13.982095588711047,-17.730103837796833,45.69429501521891,,,
272,2014-09-07,,163.1771724082643,,,,131.4650607722294,194.88928404429922,,,,1.6198705917356904,-30.092241044299215,33.331982227770595,,,
273,2014-09-14,,156.6887186053858,,,,124.97663654838031,188.40080066239125,,,,7.495516394614214,-24.216565662391247,39.20759845161969,,,
274,2014-09-21,,155.12118515893496,,,,123.40916194891888,186.8332083689511,,,,1.2851718410650506,-30.426851368951077,32.997195051081135,,,
275,2014-09-28,,154.64478515581288,,,,122.93277736465618,186.35679294696956,,,,-6.911966155812877,-38.623973946969556,24.80004163534383,,,
276,2014-10-05,,157.07161217149562,,,,125.35964118650703,188.7835831564842,,,,-14.995455171495621,-46.70742615648422,16.71651581349296,,,
277,2014-10-12,,158.98074844319947,,,,127.26878371665474,190.6927131697442,,,,-6.298360443199471,-38.01032516974419,25.413604283345265,,,
278,2014-10-19,,163.53920543534522,,,,131.8272613368609,195.2511495338296,,,,-11.139669435345212,-42.85161353382958,20.572274663139126,,,
279,2014-10-26,,169.03683395922238,,,,137.32489117092825,200.7487767475165,,,,-9.047957959222373,-40.7599007475165,22.66398482907175,,,
280,2014-11-02,,167.03492708101118,,,,135.32299381216785,198.74686034985447,,,,-6.244690081011186,-37.95662334985448,25.46724318783214,,,
281,2014-11-09,,163.75632632821006,,,,132.04439301736406,195.46825963905607,,,,-5.040185328210072,-36.75211863905608,26.671747982635935,,,
282,2014-11-16,,164.71466135808728,,,,133.0027309840384,196.42659173213616,,,,1.2137136419127046,-30.49821673213617,32.92564401596158,,,
283,2014-11-23,,170.61187766521968,,,,138.89994908842584,202.32380624201352,,,,0.8788603347803132,-30.833068242013525,32.59078891157415,,,
284,2014-11-30,,167.6971129731288,,,,135.98518457899218,199.40904136726544,,,,7.187607026871177,-24.524321367265458,38.89953542100781,,,
285,2014-12-07,,165.17385093703274,,,,133.46192875047785,196.88577312358765,,,,2.8286210629672723,-28.883301123587643,34.54054324952216,,,
286,2014-12-14,,169.0300807550487,,,,137.31815936139813,200.74200214869927,,,,3.073465244951308,-28.638456148699277,34.785386638601864,,,
287,2014-12-21,,169.98199184715355,,,,138.27008337668573,201.6939003176214,,,,1.6972991528464547,-30.014609317621392,33.40920762331427,,,
288,2014-12-28,,169.92309850460276,,,,138.94813788621582,200.89805912298974,,,,-2.156329504602752,-33.131290122989725,28.818631113784193,,,
289,2015-01-04,,170.614665537785,,,,139.6412526650737,201.58807841049628,,,,-3.3192705377849734,-34.29268341049627,27.65414233492632,,,
290,2015-01-11,,171.87105961053282,,,,140.89954709439039,202.84257212667526,,,,4.993503389467179,-25.97800912667526,35.96501590560962,,,
291,2015-01-18,,170.16680447993812,,,,139.196596956293,201.13701200358324,,,,18.105336520061883,-12.864871003583232,49.075544043707,,,
292,2015-01-25,,169.8845484195598,,,,138.91596857337285,200.85312826574676,,,,15.983524580440218,-14.985055265746752,46.95210442662716,,,
293,2015-02-01,,170.4365449744539,,,,139.4690615889196,201.40402835998827,,,,29.148874025546093,-1.8186093599882724,60.1163574110804,,,
294,2015-02-08,,174.03396152005976,,,,143.0678688916104,205.00005414850915,,,,23.66591347994023,-7.300179148509159,54.63200610838959,,,
295,2015-02-15,,170.1368708109671,,,,139.17169559005717,201.10204603187702,,,,36.14227318903289,5.177097968122979,67.10744840994283,,,
296,2015-02-22,,168.04624046524722,,,,137.08225011465817,199.01023081583628,,,,40.636971534752774,9.672981184163717,71.60096188534183,,,
297,2015-03-01,,168.2664986788803,,,,137.3032721951127,199.22972516264795,,,,45.74338932111968,14.780162837352037,76.70661580488729,,,
298,2015-03-08,,165.1322374632291,,,,134.17001697296837,196.09445795348984,,,,61.79365053677088,30.83143004651015,92.75587102703162,,,
299,2015-03-15,,165.30781780515545,,,,134.3462297493781,196.2694058609328,,,,63.12652319484454,32.16493513906718,94.08811125062189,,,
300,2015-03-22,,168.87065708956408,,,,137.9099197253283,199.83139445379985,,,,53.52993191043592,22.56919454620015,84.49066927467169,,,
301,2015-03-29,,169.51629388233368,,,,138.5560765888327,200.47651117583464,,,,54.675555117666306,23.715337824165346,85.6357724111673,,,
302,2015-04-05,,169.7100596287671,,,,138.75055842309126,200.66956083444302,,,,61.0812153712329,30.121714165556995,92.04071657690875,,,
303,2015-04-12,,170.69544896685238,,,,139.7363721109174,201.65452582278735,,,,44.82287703314762,13.863800177212653,75.78195388908262,,,
304,2015-04-19,,177.66605397289538,,,,146.707576680766,208.62453126502479,,,,40.303489027104604,9.345011734975202,71.26196631923398,,,
305,2015-04-26,,181.34409110460882,,,,150.3859568574264,212.3022253517912,,,,32.94863389539117,1.9904996482087824,63.90676814257358,,,
306,2015-05-03,,181.28128220334102,,,,150.32364687079402,212.238917535888,,,,31.173032796658987,0.21539746411201577,62.130668129205986,,,
307,2015-05-10,,181.06527422550027,,,,150.10791323932446,212.0226352116761,,,,26.33674877449974,-4.620612211676075,57.29410976067555,,,
308,2015-05-17,,185.46893616748173,,,,154.51198733465688,216.42588500030658,,,,35.66035183251827,4.703402999693424,66.61730066534312,,,
309,2015-05-24,,186.1760113997857,,,,155.21927917265603,217.13274362691536,,,,25.27195660021431,-5.6847756269153535,56.22868882734397,,,
310,2015-05-31,,186.34715369864165,,,,155.3907591316457,217.30354826563763,,,,19.128249301358352,-11.82814526563763,50.084643868354306,,,
311,2015-06-07,,184.57536712686306,,,,153.61914093031294,215.53159332341312,,,,19.84038887313693,-11.115837323413132,50.79661506968705,,,
312,2015-06-14,,183.34386596477486,,,,152.38791368094527,214.29981824860448,,,,15.436499035225125,-15.519453248604492,46.392451319054715,,,
313,2015-06-21,,184.58216430824365,,,,153.62634038035856,215.53798823612874,,,,24.794681691756352,-6.16114223612874,55.750505619641444,,,
314,2015-06-28,,188.0904945919528,,,,157.13489033467295,219.0460988492326,,,,14.976628408047219,-15.978975849232597,45.932232665327064,,,
315,2015-07-05,,190.6028674405706,,,,159.64735879689215,221.5583760842491,,,,5.3356855594294075,-25.619823084249077,36.291194203107864,,,
316,2015-07-12,,190.58301085241698,,,,159.6276759149832,221.53834578985075,,,,4.681225147583035,-26.27410978985074,35.63656008501681,,,
317,2015-07-19,,186.43739598372213,,,,155.4821300883443,217.39266187909993,,,,-3.840746983722113,-34.79601287909992,27.114518911655722,,,
318,2015-07-26,,183.3160307897016,,,,152.36090003874236,214.2711615406609,,,,-6.017629789701601,-36.972760540660886,24.937500961257655,,,
319,2015-08-02,,182.43252580768586,,,,151.47744298062634,213.3876086347454,,,,2.090759192314124,-28.864323634745404,33.04584201937365,,,
320,2015-08-09,,180.12583343471704,,,,149.17085354024528,211.08081332918883,,,,-6.728876434717051,-37.68385632918884,24.22610345975471,,,
321,2015-08-16,,180.84572803624897,,,,149.89077966701953,211.80067640547844,,,,-21.898508036248984,-52.853456405478454,9.056440332980458,,,
322,2015-08-23,,177.67599221414156,,,,146.72112026853065,208.63086415975246,,,,-13.430539214141561,-44.385411159752465,17.524332731469343,,,
323,2015-08-30,,177.59572416306872,,,,146.64087134125458,208.5505769848829,,,,-23.513250163068733,-54.468102984882904,7.44160265874541,,,
324,2015-09-06,,181.0975716231801,,,,150.1427737301086,212.0523695162516,,,,-20.94620462318011,-51.901002516251594,10.008593269891406,,,
